source,target,link_type,article_id
@ Notebook.Com Pte Ltd,Accessories Dealers,ORGANIZATION,notebook.com_pte_ltd_00000
@ Notebook.Com Pte Ltd,Computer Peripherals & Accessories Dealers,ORGANIZATION,notebook.com_pte_ltd_00000
@ Notebook.Com Pte Ltd,Notebook.Com Pte Ltd,ORGANIZATION,notebook.com_pte_ltd_00000
@ Notebook.Com Pte Ltd,Sim Lim Sq Singapore 188504,PERSON,notebook.com_pte_ltd_00000
Accessories Dealers,Computer Peripherals & Accessories Dealers,ORGANIZATION,notebook.com_pte_ltd_00000
Accessories Dealers,Notebook.Com Pte Ltd,ORGANIZATION,notebook.com_pte_ltd_00000
Accessories Dealers,Sim Lim Sq Singapore 188504,PERSON,notebook.com_pte_ltd_00000
CBI,Kobian PTE Ltd,ORGANIZATION,kobian_pte_ltd_00000
CBI,Nimbus FZE,ORGANIZATION,kobian_pte_ltd_00000
CBI,SPL,ORGANIZATION,kobian_pte_ltd_00000
CBI,Surya Pharmaceutical Limited,ORGANIZATION,kobian_pte_ltd_00000
Computer Peripherals & Accessories Dealers,Notebook.Com Pte Ltd,ORGANIZATION,notebook.com_pte_ltd_00000
Computer Peripherals & Accessories Dealers,Sim Lim Sq Singapore 188504,PERSON,notebook.com_pte_ltd_00000
Deutsch,Souriau,PERSON,tri_star_electronics_00001
Deutsch,TE Connectivity,PERSON,tri_star_electronics_00000
Deutsch,Tri-Star Electronics,PERSON,tri_star_electronics_00001
Elecom Co. Ltd.,Hewlett-Packard Company,ORGANIZATION,kobian_pte_ltd_00002|kobian_pte_ltd_00003
Elecom Co. Ltd.,Kobian Pte Ltd.,ORGANIZATION,kobian_pte_ltd_00002|kobian_pte_ltd_00003
Elecom Co. Ltd.,Logitech International S.A.,ORGANIZATION,kobian_pte_ltd_00002|kobian_pte_ltd_00003
Elecom Co. Ltd.,Mad Catz Interactive,ORGANIZATION,kobian_pte_ltd_00002|kobian_pte_ltd_00003
Elecom Co. Ltd.,Microsoft Corporation,ORGANIZATION,kobian_pte_ltd_00002|kobian_pte_ltd_00003
Elecom Co. Ltd.,Toshiba Corporation,ORGANIZATION,kobian_pte_ltd_00002|kobian_pte_ltd_00003
Hewlett-Packard Company,Kobian Pte Ltd.,ORGANIZATION,kobian_pte_ltd_00002|kobian_pte_ltd_00003
Hewlett-Packard Company,Logitech International S.A.,ORGANIZATION,kobian_pte_ltd_00002|kobian_pte_ltd_00003
Hewlett-Packard Company,Mad Catz Interactive,ORGANIZATION,kobian_pte_ltd_00002|kobian_pte_ltd_00003
Hewlett-Packard Company,Microsoft Corporation,ORGANIZATION,kobian_pte_ltd_00002|kobian_pte_ltd_00003
Hewlett-Packard Company,Toshiba Corporation,ORGANIZATION,kobian_pte_ltd_00002|kobian_pte_ltd_00003
Huawei,Kobian Pte Ltd,ORGANIZATION,kobian_pte_ltd_00004
Huawei,Vertiv Co.,ORGANIZATION,kobian_pte_ltd_00004
Kobian PTE Ltd,Nimbus FZE,ORGANIZATION,kobian_pte_ltd_00000
Kobian PTE Ltd,SPL,ORGANIZATION,kobian_pte_ltd_00000
Kobian PTE Ltd,Surya Pharmaceutical Limited,ORGANIZATION,kobian_pte_ltd_00000
Kobian Pte Ltd,Vertiv Co.,ORGANIZATION,kobian_pte_ltd_00004
Kobian Pte Ltd.,Logitech International S.A.,ORGANIZATION,kobian_pte_ltd_00002|kobian_pte_ltd_00003
Kobian Pte Ltd.,Mad Catz Interactive,ORGANIZATION,kobian_pte_ltd_00002|kobian_pte_ltd_00003
Kobian Pte Ltd.,Microsoft Corporation,ORGANIZATION,kobian_pte_ltd_00002|kobian_pte_ltd_00003
Kobian Pte Ltd.,Toshiba Corporation,ORGANIZATION,kobian_pte_ltd_00002|kobian_pte_ltd_00003
LTD,SHANYOS PTE,ORGANIZATION,shanyos_pte_ltd_00000
LifeProof,Marketwired,ORGANIZATION,newstead_technologies_pte_ltd_00000
LifeProof,iPhone 7 Plus,ORGANIZATION,newstead_technologies_pte_ltd_00000
Logitech International S.A.,Mad Catz Interactive,ORGANIZATION,kobian_pte_ltd_00002|kobian_pte_ltd_00003
Logitech International S.A.,Microsoft Corporation,ORGANIZATION,kobian_pte_ltd_00002|kobian_pte_ltd_00003
Logitech International S.A.,Toshiba Corporation,ORGANIZATION,kobian_pte_ltd_00002|kobian_pte_ltd_00003
Mad Catz Interactive,Microsoft Corporation,ORGANIZATION,kobian_pte_ltd_00002|kobian_pte_ltd_00003
Mad Catz Interactive,Toshiba Corporation,ORGANIZATION,kobian_pte_ltd_00002|kobian_pte_ltd_00003
Marketwired,iPhone 7 Plus,ORGANIZATION,newstead_technologies_pte_ltd_00000
Microsoft Corporation,Toshiba Corporation,ORGANIZATION,kobian_pte_ltd_00002|kobian_pte_ltd_00003
Nimbus FZE,SPL,ORGANIZATION,kobian_pte_ltd_00000
Nimbus FZE,Surya Pharmaceutical Limited,ORGANIZATION,kobian_pte_ltd_00000
Notebook.Com Pte Ltd,Sim Lim Sq Singapore 188504,PERSON,notebook.com_pte_ltd_00000
SPL,Surya Pharmaceutical Limited,ORGANIZATION,kobian_pte_ltd_00000
Souriau,Tri-Star Electronics,ORGANIZATION,tri_star_electronics_00001
