source,target,link_type,article_id
Alvin Leung,Bo Innovation,PERSON,singa_venture_pte_ltd_00000
Alvin Leung,Demon Chef,PERSON,singa_venture_pte_ltd_00000
Anchorage View Pte Ltd,HPL Ealing Pte Ltd,ORGANIZATION,singa_venture_pte_ltd_00014
Anchorage View Pte Ltd,HPL Properties,ORGANIZATION,singa_venture_pte_ltd_00014
Anchorage View Pte Ltd,India,ORGANIZATION,singa_venture_pte_ltd_00014
Anchorage View Pte Ltd,JV,ORGANIZATION,singa_venture_pte_ltd_00014
Angus,USDA,PERSON,robertson_quay_hotel_00011
Asian Strategic Turnaround Ventures,Hassan Basma,PERSON,singa_venture_pte_ltd_00009
Asian Strategic Turnaround Ventures,O&M,ORGANIZATION,singa_venture_pte_ltd_00009
Asian Strategic Turnaround Ventures,OSV,ORGANIZATION,singa_venture_pte_ltd_00009
Asian Strategic Turnaround Ventures,Swissco,ORGANIZATION,singa_venture_pte_ltd_00009
BTJV Myanmar Company,Dragages Singapore Pte Ltd,ORGANIZATION,singa_venture_pte_ltd_00027
Bo Innovation,Demon Chef,PERSON,singa_venture_pte_ltd_00000
CMA CGM,PSA,ORGANIZATION,singa_venture_pte_ltd_00021
CMA CGM,SINGAPORE - Port,ORGANIZATION,singa_venture_pte_ltd_00021
CSA,NUS,ORGANIZATION,singa_venture_pte_ltd_00012
CSA,National University of Singapore,ORGANIZATION,singa_venture_pte_ltd_00012
CSA,Singtel,ORGANIZATION,singa_venture_pte_ltd_00012
Chevron Singapore Pte Ltd,PetroChina International Co Ltd,ORGANIZATION,singa_venture_pte_ltd_00016
Chevron Singapore Pte Ltd,SRC,ORGANIZATION,singa_venture_pte_ltd_00016
Clubs,Robertson,PERSON,robertson_quay_hotel_00008
Cocoon Capital Partners Pte Ltd,Dexecure,PERSON,singa_venture_pte_ltd_00003
Cocoon Capital Partners Pte Ltd,Y Combinator,ORGANIZATION,singa_venture_pte_ltd_00003
Company @ JobStreet.com Singapore,HOTELS PTE LTD,ORGANIZATION,southern_cross_hotels_pte._ltd._00000
Company @ JobStreet.com Singapore,Sirius Marketing Pte Ltd,ORGANIZATION,southern_cross_hotels_pte._ltd._00000
Company @ JobStreet.com Singapore,Sun Ace Kakoh (Pte) Ltd,ORGANIZATION,southern_cross_hotels_pte._ltd._00000
Company @ JobStreet.com Singapore,Techcomp (Singapore) Pte Ltd,ORGANIZATION,southern_cross_hotels_pte._ltd._00000
Dexecure,Y Combinator,PERSON,singa_venture_pte_ltd_00003
Dragages Singapore Pte Ltd and the Group,PRNewswire,ORGANIZATION,singa_venture_pte_ltd_00004
Dragages Singapore Pte Ltd and the Group,Yoma Strategic Holdings Ltd,ORGANIZATION,singa_venture_pte_ltd_00004
Employees,Scarlet Hotel Pte Ltd,PERSON,the_scarlet_hotel_pte._ltd._00000
Employees,Siloso Beach Resort Pte Ltd,PERSON,siloso_beach_resort_pte_ltd_00000
Foo Zhi,Venture Corporation,PERSON,singa_venture_pte_ltd_00001
GUOCOLAND Limited,Singapore) Pte Ltd,ORGANIZATION,singa_venture_pte_ltd_00013
Great Eastern,Investors,PERSON,singa_venture_pte_ltd_00011
Great Eastern,Peter Lim,PERSON,singa_venture_pte_ltd_00011
Great Eastern,Walden International,ORGANIZATION,singa_venture_pte_ltd_00011
HOTELS PTE LTD,Sirius Marketing Pte Ltd,ORGANIZATION,southern_cross_hotels_pte._ltd._00000
HOTELS PTE LTD,Sun Ace Kakoh (Pte) Ltd,ORGANIZATION,southern_cross_hotels_pte._ltd._00000
HOTELS PTE LTD,Techcomp (Singapore) Pte Ltd,ORGANIZATION,southern_cross_hotels_pte._ltd._00000
HPL Ealing Pte Ltd,HPL Properties,ORGANIZATION,singa_venture_pte_ltd_00014
HPL Ealing Pte Ltd,India,ORGANIZATION,singa_venture_pte_ltd_00014
HPL Ealing Pte Ltd,JV,ORGANIZATION,singa_venture_pte_ltd_00014
HPL Properties,India,ORGANIZATION,singa_venture_pte_ltd_00014
HPL Properties,JV,ORGANIZATION,singa_venture_pte_ltd_00014
Hassan Basma,O&M,PERSON,singa_venture_pte_ltd_00009
Hassan Basma,OSV,PERSON,singa_venture_pte_ltd_00009
Hassan Basma,Swissco,PERSON,singa_venture_pte_ltd_00009
India,JV,ORGANIZATION,singa_venture_pte_ltd_00014
Investors,Peter Lim,PERSON,singa_venture_pte_ltd_00011
Investors,Walden International,PERSON,singa_venture_pte_ltd_00011
Ishi,Toro,PERSON,robertson_quay_hotel_00005
JV,MRO,ORGANIZATION,singa_venture_pte_ltd_00018
JV,Moog,ORGANIZATION,singa_venture_pte_ltd_00018
JV,Moog Aircraft Services Asia Pte Ltd,ORGANIZATION,singa_venture_pte_ltd_00018
JV,SIAEC,ORGANIZATION,singa_venture_pte_ltd_00018
Joint venture,Ocean Sky,ORGANIZATION,singa_venture_pte_ltd_00002
Joint venture,TSky Development,ORGANIZATION,singa_venture_pte_ltd_00002
Joint venture,Tiong Seng,PERSON,singa_venture_pte_ltd_00002
LTD,REPUBLIC ICONIC HOTEL PTE,ORGANIZATION,kim_tian_hotel_(han)_pte._ltd._00000
LTD,TEL,ORGANIZATION,kim_tian_hotel_(han)_pte._ltd._00000
MRO,Moog,ORGANIZATION,singa_venture_pte_ltd_00018
MRO,Moog Aircraft Services Asia Pte Ltd,ORGANIZATION,singa_venture_pte_ltd_00018
MRO,SIAEC,ORGANIZATION,singa_venture_pte_ltd_00018
Ming Yi,TCM Management Pte Ltd,PERSON,singa_venture_pte_ltd_00017
Moog,Moog Aircraft Services Asia Pte Ltd,ORGANIZATION,singa_venture_pte_ltd_00018
Moog,SIAEC,ORGANIZATION,singa_venture_pte_ltd_00018
Moog Aircraft Services Asia Pte Ltd,SIAEC,ORGANIZATION,singa_venture_pte_ltd_00018
NUS,National University of Singapore,ORGANIZATION,singa_venture_pte_ltd_00012
NUS,Singtel,ORGANIZATION,singa_venture_pte_ltd_00012
National University of Singapore,Singtel,ORGANIZATION,singa_venture_pte_ltd_00012
O&M,OSV,ORGANIZATION,singa_venture_pte_ltd_00009
O&M,Swissco,ORGANIZATION,singa_venture_pte_ltd_00009
OSV,Swissco,ORGANIZATION,singa_venture_pte_ltd_00009
Ocean Sky,TSky Development,ORGANIZATION,singa_venture_pte_ltd_00002
Ocean Sky,Tiong Seng,PERSON,singa_venture_pte_ltd_00002
Olam,Wilmar,ORGANIZATION,singa_venture_pte_ltd_00007
Olam,Wilmar Resources Pte Ltd,ORGANIZATION,singa_venture_pte_ltd_00007
PRNewswire,Yoma Strategic Holdings Ltd,ORGANIZATION,singa_venture_pte_ltd_00004
PSA,SINGAPORE - Port,ORGANIZATION,singa_venture_pte_ltd_00021
Peter Lim,Walden International,PERSON,singa_venture_pte_ltd_00011
PetroChina International Co Ltd,SRC,ORGANIZATION,singa_venture_pte_ltd_00016
Pte Ltd,Secure Venture Development,ORGANIZATION,singa_venture_pte_ltd_00008
Pte Ltd,UOL,ORGANIZATION,singa_venture_pte_ltd_00008
Pte. Ltd,Secure Venture Development,ORGANIZATION,singa_venture_pte_ltd_00048
Pte. Ltd,UOL,ORGANIZATION,singa_venture_pte_ltd_00048
Pte. Ltd,UOL Group,ORGANIZATION,singa_venture_pte_ltd_00048
REPUBLIC ICONIC HOTEL PTE,TEL,ORGANIZATION,kim_tian_hotel_(han)_pte._ltd._00000
Secure Venture Development,UOL,ORGANIZATION,singa_venture_pte_ltd_00008|singa_venture_pte_ltd_00048
Secure Venture Development,UOL Group,ORGANIZATION,singa_venture_pte_ltd_00048
Sirius Marketing Pte Ltd,Sun Ace Kakoh (Pte) Ltd,ORGANIZATION,southern_cross_hotels_pte._ltd._00000
Sirius Marketing Pte Ltd,Techcomp (Singapore) Pte Ltd,ORGANIZATION,southern_cross_hotels_pte._ltd._00000
Sun Ace Kakoh (Pte) Ltd,Techcomp (Singapore) Pte Ltd,ORGANIZATION,southern_cross_hotels_pte._ltd._00000
TSky Development,Tiong Seng,PERSON,singa_venture_pte_ltd_00002
UOL,UOL Group,ORGANIZATION,singa_venture_pte_ltd_00048
Wavemaker,Wavemaker Partners,ORGANIZATION,singa_venture_pte_ltd_00015
Wilmar,Wilmar Resources Pte Ltd,ORGANIZATION,singa_venture_pte_ltd_00007
