source,target,link_type,article_id
1MDB,Umno,ORGANIZATION,the_wing_on_investment_co_(s)_pte_ltd_00024
Activists,Choksi,PERSON,the_wing_on_investment_co_(s)_pte_ltd_00014
Activists,Cogence Advisors,PERSON,the_wing_on_investment_co_(s)_pte_ltd_00014
Activists,Congress,PERSON,the_wing_on_investment_co_(s)_pte_ltd_00014
Activists,Gitanjali Gems Ltd,PERSON,the_wing_on_investment_co_(s)_pte_ltd_00014
Activists,Rishi Sahai,PERSON,the_wing_on_investment_co_(s)_pte_ltd_00014
Ana Dhoraisingam,BoardAgender,PERSON,the_wing_on_investment_co_(s)_pte_ltd_00006
Ana Dhoraisingam,Bok Seng Group,PERSON,the_wing_on_investment_co_(s)_pte_ltd_00006
Ana Dhoraisingam,Robin C Lee,PERSON,the_wing_on_investment_co_(s)_pte_ltd_00006
Ang Lay Kian,Lee Kum Huat Edward,PERSON,cosy_housing_development_pte_ltd_00000
Ang Lay Kian,Ng Wai Chun,PERSON,cosy_housing_development_pte_ltd_00000
Ang Lay Kian,Strata Titles Boards,PERSON,cosy_housing_development_pte_ltd_00000
Asean,SPH Digital News,ORGANIZATION,the_wing_on_investment_co_(s)_pte_ltd_00023
Asean,Singapore Press Holdings Ltd,ORGANIZATION,the_wing_on_investment_co_(s)_pte_ltd_00023
Associate Director-General,Gordon Tsui,PERSON,the_wing_on_investment_co_(s)_pte_ltd_00004
Associate Director-General,Hong Kong Branch,PERSON,the_wing_on_investment_co_(s)_pte_ltd_00004
Associate Director-General,InvestHK,PERSON,the_wing_on_investment_co_(s)_pte_ltd_00004
Associate Director-General,Li Chan Wing,PERSON,the_wing_on_investment_co_(s)_pte_ltd_00004
Associate Director-General,Ltd,PERSON,the_wing_on_investment_co_(s)_pte_ltd_00004
Associate Director-General,SPD Bank,PERSON,the_wing_on_investment_co_(s)_pte_ltd_00004
Associate Director-General,Vice Chairman,PERSON,the_wing_on_investment_co_(s)_pte_ltd_00004
BB-8,HERMILL,ORGANIZATION,the_wing_on_investment_co_(s)_pte_ltd_00020
Bank of Singapore,Jefferies Singapore,ORGANIZATION,the_wing_on_investment_co_(s)_pte_ltd_00035
Bank of Singapore,OCBC,ORGANIZATION,the_wing_on_investment_co_(s)_pte_ltd_00035
Bank of Singapore,UOB,ORGANIZATION,the_wing_on_investment_co_(s)_pte_ltd_00035
Bank of Singapore,Wing Hang Bank,ORGANIZATION,the_wing_on_investment_co_(s)_pte_ltd_00035
BoardAgender,Bok Seng Group,ORGANIZATION,the_wing_on_investment_co_(s)_pte_ltd_00006
BoardAgender,Robin C Lee,PERSON,the_wing_on_investment_co_(s)_pte_ltd_00006
Bok Seng Group,Robin C Lee,PERSON,the_wing_on_investment_co_(s)_pte_ltd_00006
CAI,Changi,PERSON,the_wing_on_investment_co_(s)_pte_ltd_00000
CAI,Changi Airports International,PERSON,the_wing_on_investment_co_(s)_pte_ltd_00000
CapitaLand,CapitaLand Mall Asia,ORGANIZATION,the_wing_on_investment_co_(s)_pte_ltd_00022
CapitaLand,SINGAPORE COMPANIES,ORGANIZATION,the_wing_on_investment_co_(s)_pte_ltd_00022
CapitaLand Mall Asia,SINGAPORE COMPANIES,ORGANIZATION,the_wing_on_investment_co_(s)_pte_ltd_00022
Capitaland,OCBC,ORGANIZATION,the_wing_on_investment_co_(s)_pte_ltd_00026
Capitaland,Singapore Exchange,ORGANIZATION,the_wing_on_investment_co_(s)_pte_ltd_00026
Capitaland,Wheelock Properties,ORGANIZATION,the_wing_on_investment_co_(s)_pte_ltd_00026
Capitaland,Wing Tai,PERSON,the_wing_on_investment_co_(s)_pte_ltd_00026
Capitaland,World Class Global,ORGANIZATION,the_wing_on_investment_co_(s)_pte_ltd_00026
Changi,Changi Airports International,ORGANIZATION,the_wing_on_investment_co_(s)_pte_ltd_00000
Chew Gek Khim,Sumiko: Straits Trading Company,PERSON,the_wing_on_investment_co_(s)_pte_ltd_00019
Chew Gek Khim,Tan Chin Tuan,PERSON,the_wing_on_investment_co_(s)_pte_ltd_00019
Chew Gek Khim,Tecity Group,PERSON,the_wing_on_investment_co_(s)_pte_ltd_00019
Chew Gek Khim,The Straits Trading Company,PERSON,the_wing_on_investment_co_(s)_pte_ltd_00019
Choksi,Cogence Advisors,PERSON,the_wing_on_investment_co_(s)_pte_ltd_00014
Choksi,Congress,PERSON,the_wing_on_investment_co_(s)_pte_ltd_00014
Choksi,Gitanjali Gems Ltd,PERSON,the_wing_on_investment_co_(s)_pte_ltd_00014
Choksi,Rishi Sahai,PERSON,the_wing_on_investment_co_(s)_pte_ltd_00014
Cogence Advisors,Congress,ORGANIZATION,the_wing_on_investment_co_(s)_pte_ltd_00014
Cogence Advisors,Gitanjali Gems Ltd,ORGANIZATION,the_wing_on_investment_co_(s)_pte_ltd_00014
Cogence Advisors,Rishi Sahai,PERSON,the_wing_on_investment_co_(s)_pte_ltd_00014
Congress,Gitanjali Gems Ltd,ORGANIZATION,the_wing_on_investment_co_(s)_pte_ltd_00014
Congress,Rishi Sahai,PERSON,the_wing_on_investment_co_(s)_pte_ltd_00014
Experts,STI,PERSON,the_wing_on_investment_co_(s)_pte_ltd_00005
Geely,Li,PERSON,the_wing_on_investment_co_(s)_pte_ltd_00001
Geely,SPH Digital News,ORGANIZATION,the_wing_on_investment_co_(s)_pte_ltd_00001
Geely,Singapore Press Holdings Ltd,ORGANIZATION,the_wing_on_investment_co_(s)_pte_ltd_00001
Geely,Volvo,ORGANIZATION,the_wing_on_investment_co_(s)_pte_ltd_00001
Gitanjali Gems Ltd,Rishi Sahai,PERSON,the_wing_on_investment_co_(s)_pte_ltd_00014
Gordon Tsui,Hong Kong Branch,PERSON,the_wing_on_investment_co_(s)_pte_ltd_00004
Gordon Tsui,InvestHK,PERSON,the_wing_on_investment_co_(s)_pte_ltd_00004
Gordon Tsui,Li Chan Wing,PERSON,the_wing_on_investment_co_(s)_pte_ltd_00004
Gordon Tsui,Ltd,PERSON,the_wing_on_investment_co_(s)_pte_ltd_00004
Gordon Tsui,SPD Bank,PERSON,the_wing_on_investment_co_(s)_pte_ltd_00004
Gordon Tsui,Vice Chairman,PERSON,the_wing_on_investment_co_(s)_pte_ltd_00004
Guocoland,New World Development,ORGANIZATION,the_wing_on_investment_co_(s)_pte_ltd_00002
Hong Kong Branch,InvestHK,ORGANIZATION,the_wing_on_investment_co_(s)_pte_ltd_00004
Hong Kong Branch,Li Chan Wing,PERSON,the_wing_on_investment_co_(s)_pte_ltd_00004
Hong Kong Branch,Ltd,ORGANIZATION,the_wing_on_investment_co_(s)_pte_ltd_00004
Hong Kong Branch,SPD Bank,ORGANIZATION,the_wing_on_investment_co_(s)_pte_ltd_00004
Hong Kong Branch,Vice Chairman,PERSON,the_wing_on_investment_co_(s)_pte_ltd_00004
InvestHK,Li Chan Wing,PERSON,the_wing_on_investment_co_(s)_pte_ltd_00004
InvestHK,Ltd,ORGANIZATION,the_wing_on_investment_co_(s)_pte_ltd_00004
InvestHK,SPD Bank,ORGANIZATION,the_wing_on_investment_co_(s)_pte_ltd_00004
InvestHK,Vice Chairman,PERSON,the_wing_on_investment_co_(s)_pte_ltd_00004
Investment Management Companies,Tkh Group Pte Ltd,ORGANIZATION,tkh_group_pte._ltd._00000
Investment Management Companies,Yellow Pages,ORGANIZATION,tkh_group_pte._ltd._00000
Jefferies Singapore,OCBC,ORGANIZATION,the_wing_on_investment_co_(s)_pte_ltd_00035
Jefferies Singapore,UOB,ORGANIZATION,the_wing_on_investment_co_(s)_pte_ltd_00035
Jefferies Singapore,Wing Hang Bank,ORGANIZATION,the_wing_on_investment_co_(s)_pte_ltd_00035
Kuen Wing,Pan Chao,PERSON,the_wing_on_investment_co_(s)_pte_ltd_00017
Kuen Wing,Pan Shi,PERSON,the_wing_on_investment_co_(s)_pte_ltd_00017
Lee Kum Huat Edward,Ng Wai Chun,PERSON,cosy_housing_development_pte_ltd_00000
Lee Kum Huat Edward,Strata Titles Boards,PERSON,cosy_housing_development_pte_ltd_00000
Li,SPH Digital News,PERSON,the_wing_on_investment_co_(s)_pte_ltd_00001
Li,Singapore Press Holdings Ltd,PERSON,the_wing_on_investment_co_(s)_pte_ltd_00001
Li,Volvo,PERSON,the_wing_on_investment_co_(s)_pte_ltd_00001
Li Chan Wing,Ltd,PERSON,the_wing_on_investment_co_(s)_pte_ltd_00004
Li Chan Wing,SPD Bank,PERSON,the_wing_on_investment_co_(s)_pte_ltd_00004
Li Chan Wing,Vice Chairman,PERSON,the_wing_on_investment_co_(s)_pte_ltd_00004
Ltd,SPD Bank,ORGANIZATION,the_wing_on_investment_co_(s)_pte_ltd_00004
Ltd,Vice Chairman,PERSON,the_wing_on_investment_co_(s)_pte_ltd_00004
Mikhail S. Gorbachev,Ronald Reagan,PERSON,the_wing_on_investment_co_(s)_pte_ltd_00025
Mikhail S. Gorbachev,Trump-Kim,PERSON,the_wing_on_investment_co_(s)_pte_ltd_00025
Najib,Prime Minister,PERSON,the_wing_on_investment_co_(s)_pte_ltd_00027
Najib,Trump,PERSON,the_wing_on_investment_co_(s)_pte_ltd_00027
Ng Wai Chun,Strata Titles Boards,PERSON,cosy_housing_development_pte_ltd_00000
OCBC,Singapore Exchange,ORGANIZATION,the_wing_on_investment_co_(s)_pte_ltd_00026
OCBC,UOB,ORGANIZATION,the_wing_on_investment_co_(s)_pte_ltd_00012|the_wing_on_investment_co_(s)_pte_ltd_00035
OCBC,Vasu Menon,PERSON,the_wing_on_investment_co_(s)_pte_ltd_00018
OCBC,Wheelock Properties,ORGANIZATION,the_wing_on_investment_co_(s)_pte_ltd_00026
OCBC,Wing Hang Bank,ORGANIZATION,the_wing_on_investment_co_(s)_pte_ltd_00035
OCBC,Wing Tai,PERSON,the_wing_on_investment_co_(s)_pte_ltd_00026
OCBC,World Class Global,ORGANIZATION,the_wing_on_investment_co_(s)_pte_ltd_00026
PKWA Law,Singapore Court of Appeal,ORGANIZATION,the_wing_on_investment_co_(s)_pte_ltd_00009
Pan Chao,Pan Shi,PERSON,the_wing_on_investment_co_(s)_pte_ltd_00017
Prime Minister,Trump,PERSON,the_wing_on_investment_co_(s)_pte_ltd_00027
Rodrigo Duterte,SPH Digital News,PERSON,the_wing_on_investment_co_(s)_pte_ltd_00008
Rodrigo Duterte,Singapore Press Holdings Ltd,PERSON,the_wing_on_investment_co_(s)_pte_ltd_00008
Ronald Reagan,Trump-Kim,PERSON,the_wing_on_investment_co_(s)_pte_ltd_00025
SPD Bank,Vice Chairman,PERSON,the_wing_on_investment_co_(s)_pte_ltd_00004
SPH Digital News,Singapore Press Holdings Ltd,ORGANIZATION,the_wing_on_investment_co_(s)_pte_ltd_00001|the_wing_on_investment_co_(s)_pte_ltd_00008|the_wing_on_investment_co_(s)_pte_ltd_00016|the_wing_on_investment_co_(s)_pte_ltd_00023
SPH Digital News,Volvo,ORGANIZATION,the_wing_on_investment_co_(s)_pte_ltd_00001
Singapore Exchange,Wheelock Properties,ORGANIZATION,the_wing_on_investment_co_(s)_pte_ltd_00026
Singapore Exchange,Wing Tai,PERSON,the_wing_on_investment_co_(s)_pte_ltd_00026
Singapore Exchange,World Class Global,ORGANIZATION,the_wing_on_investment_co_(s)_pte_ltd_00026
Singapore Press Holdings Ltd,Volvo,ORGANIZATION,the_wing_on_investment_co_(s)_pte_ltd_00001
Sumiko: Straits Trading Company,Tan Chin Tuan,PERSON,the_wing_on_investment_co_(s)_pte_ltd_00019
Sumiko: Straits Trading Company,Tecity Group,ORGANIZATION,the_wing_on_investment_co_(s)_pte_ltd_00019
Sumiko: Straits Trading Company,The Straits Trading Company,ORGANIZATION,the_wing_on_investment_co_(s)_pte_ltd_00019
Tan Chin Tuan,Tecity Group,PERSON,the_wing_on_investment_co_(s)_pte_ltd_00019
Tan Chin Tuan,The Straits Trading Company,PERSON,the_wing_on_investment_co_(s)_pte_ltd_00019
Tecity Group,The Straits Trading Company,ORGANIZATION,the_wing_on_investment_co_(s)_pte_ltd_00019
Tkh Group Pte Ltd,Yellow Pages,ORGANIZATION,tkh_group_pte._ltd._00000
UOB,Wing Hang Bank,ORGANIZATION,the_wing_on_investment_co_(s)_pte_ltd_00035
Wheelock Properties,Wing Tai,PERSON,the_wing_on_investment_co_(s)_pte_ltd_00026
Wheelock Properties,World Class Global,ORGANIZATION,the_wing_on_investment_co_(s)_pte_ltd_00026
Wing Tai,World Class Global,PERSON,the_wing_on_investment_co_(s)_pte_ltd_00026
